aa_mutation,n_aa_substitutions,size
A127*,1.0,7
A127* E295R,2.0,2
A127* P207L D347M,3.0,9
A127* T156W S335*,3.0,12
A127E,1.0,2
A127G,1.0,2
A127K V204R,2.0,5
A139* D173L,2.0,2
A139* G337A,2.0,3
A139L H280Q,2.0,3
A139M L245S,2.0,2
A139W,1.0,2
A147* T326S,2.0,4
A147G E297W R364*,3.0,5
A147G S246* S311R,3.0,2
A147P C208H,2.0,2
A147R A193Y,2.0,4
A147S D269*,2.0,7
A155*,1.0,8
A155* C211L,2.0,2
A155* E354N,2.0,8
A155* L245M,2.0,2
A155D,1.0,2
A155E,1.0,2
A155F A296K,2.0,2
A155G Q200M,2.0,3
A155M A355Y,2.0,2
A155N,1.0,2
A155P I197* G361R,3.0,3
A155Q K307*,2.0,2
A155R,1.0,6
A155S I189S,2.0,3
A155V,1.0,2
A155W I233E,2.0,5
A155Y V204D W243V,3.0,2
A168*,1.0,2
A168G,1.0,7
A168K V204*,2.0,3
A172*,1.0,7
A172* I225*,2.0,4
A172* W243V,2.0,2
A172L,1.0,4
A172P E365*,2.0,3
A172T,1.0,2
A172T A336D,2.0,2
A172W,1.0,2
A178*,1.0,5
A178* R210G Y359S,3.0,14
A178D,1.0,2
A178F S216*,2.0,6
A178G,1.0,2
A178K,1.0,5
A178M A296R S335*,3.0,2
A178R,1.0,5
A178S R227*,2.0,8
A178T K257*,2.0,2
A178V,1.0,6
A178V R198*,2.0,2
A183*,1.0,37
A183F,1.0,3
A183G,1.0,5
A183P E297*,2.0,4
A183S,1.0,2
A183T R210E G270V,3.0,3
A183V,1.0,2
A187L K205F E295V D353C,4.0,4
A187N,1.0,4
A193R V294*,2.0,2
A193S,1.0,4
A193W C259V A296M,3.0,23
A194S S206*,2.0,6
A20D G105V T271M,3.0,5
A20D L312W,2.0,4
A20G A363P,2.0,3
A20L,1.0,3
A20L P140T,2.0,3
A20N,1.0,3
A20N K307L,2.0,2
A20R,1.0,2
A20T K76N,2.0,3
A20T S246F,2.0,3
A20V G337*,2.0,3
A20W A51Q P124K C259G,4.0,3
A20Y E39M G171V,3.0,2
A222*,1.0,17
A222* G239F,2.0,2
A222* K307L,2.0,3
A222H,1.0,2
A222P,1.0,6
A222T Q357T,2.0,5
A222V,1.0,3
A222V L327N,2.0,2
A222V N281* S311T,3.0,5
A24* P83T,2.0,4
A24D,1.0,2
A24E P83H,2.0,4
A24G V348R,2.0,4
A24K V176C,2.0,2
A24P,1.0,7
A24P V300S,2.0,4
A24Q S42* V176Q A363*,4.0,5
A24T,1.0,3
A24V V130G R160G I255*,4.0,2
A287*,1.0,7
A287F,1.0,5
A287G,1.0,3
A287V,1.0,2
A296*,1.0,22
A296* A349K,2.0,2
A296C,1.0,4
A296E,1.0,3
A296G,1.0,3
A296H,1.0,4
A296N,1.0,2
A296P,1.0,7
A296R,1.0,9
A296R L301W K307H,3.0,2
A296T,1.0,8
A296V,1.0,32
A296Y V352Q,2.0,2
A317*,1.0,22
A317I,1.0,6
A317L,1.0,8
A317S,1.0,2
A319*,1.0,28
A319G,1.0,8
A319M,1.0,6
A320*,1.0,18
A320K,1.0,2
A320R,1.0,2
A320R F333*,2.0,2
A320T,1.0,2
A320V,1.0,8
A330*,1.0,3
A330G,1.0,4
A330G V348* Q357S,3.0,3
A330I,1.0,2
A330K,1.0,8
A330L,1.0,3
A330P,1.0,4
A330R,1.0,6
A330S,1.0,2
A330T,1.0,2
A330V,1.0,6
A336L,1.0,12
A336N,1.0,2
A336Q,1.0,3
A34*,1.0,7
A344P,1.0,7
A344V,1.0,5
A345F,1.0,2
A345T,1.0,4
A345V,1.0,2
A349*,1.0,2
A349G,1.0,2
A349G H360Q,2.0,2
A34L Y132N,2.0,2
A34P G230H A320L,3.0,2
A34P R160G,2.0,2
A34S,1.0,2
A34S R35* G337T,3.0,3
A355*,1.0,10
A355D Y359*,2.0,2
A355E,1.0,18
A355G,1.0,10
A355P,1.0,3
A355Q,1.0,3
A355R,1.0,5
A355S,1.0,8
A362*,1.0,2
A362D,1.0,14
A362G,1.0,2
A362T,1.0,14
A363*,1.0,14
A363K,1.0,2
A363L,1.0,2
A363W,1.0,4
A47*,1.0,2
A47* L165R A320T F356C,4.0,8
A47* W107G N177I,3.0,4
A47Q I111G W243P,3.0,3
A47V C211*,2.0,25
A47V E72*,2.0,5
A51*,1.0,29
A51* L351S,2.0,2
A51* L61K K91W,3.0,2
A51* Y132V,2.0,15
A51D,1.0,7
A51G,1.0,7
A51H A53V Y223*,3.0,3
A51H V175*,2.0,8
A51K,1.0,3
A51K T163*,2.0,2
A51L,1.0,4
A51R,1.0,4
A51S R198*,2.0,3
A51T Y115T V204* A296Y,4.0,5
A51V K209*,2.0,2
A51V T156K V204K Y359W,4.0,3
A53D T237* S341L,3.0,3
A53I R148*,2.0,2
A53L T93* C123Y,3.0,6
A53T A320*,2.0,3
A53Y,1.0,3
A68* T156A,2.0,6
A68D Y132R A296K,3.0,3
A68L E354*,2.0,2
A68S C234* V282*,3.0,2
A68S T131Y I299K,3.0,9
A68W G290L,2.0,2
A87*,1.0,6
A87* D269E,2.0,8
A87* R94V N248V,3.0,4
A87* W107Y,2.0,3
A87C,1.0,3
A87E S268V,2.0,2
A87F D133G Q253D,3.0,5
A87G,1.0,2
A87K D353*,2.0,2
A87P G290Y L327E,3.0,3
A87Q A363Q,2.0,4
A87R,1.0,4
A87R E122L L146E,3.0,2
A87S P286*,2.0,4
A87T,1.0,4
A87T V130K D347L,3.0,2
A87V A183*,2.0,4
A97*,1.0,14
A97* G337R,2.0,7
A97* T326A,2.0,3
A97G,1.0,3
A97K I224*,2.0,2
A97R G343R,2.0,4
A97W,1.0,3
C123*,1.0,2
C123* S216C,2.0,8
C123G C234I,2.0,4
C123W C234F R305W A355V,4.0,2
C123W T161S E297F S316C,4.0,4
C143E R210*,2.0,4
C143I G230R,2.0,2
C143L A345K A355L,3.0,7
C208*,1.0,12
C208* A222I,2.0,4
C208A L245T,2.0,3
C208G,1.0,2
C208I G290*,2.0,2
C208I G290* A349D,3.0,2
C208R,1.0,3
C208S R298V,2.0,20
C211K S246L V294A,3.0,2
C211M,1.0,4
C211N,1.0,3
C211P G283D,2.0,2
C211R,1.0,6
C211S,1.0,3
C211T,1.0,2
C211T D263*,2.0,8
C211W,1.0,3
C211Y,1.0,2
C234*,1.0,51
C234* E346I,2.0,2
C234* K307M,2.0,3
C234D A336V,2.0,2
C234E,1.0,3
C234E K307* S335L,3.0,4
C234F,1.0,2
C234F R358I,2.0,2
C234G,1.0,13
C234I P292L R358S,3.0,2
C234L,1.0,11
C234P,1.0,2
C234Q,1.0,2
C234R,1.0,4
C234R G313*,2.0,7
C234R L312F,2.0,2
C234S,1.0,16
C234S D353M,2.0,5
C234S E295I,2.0,7
C234T,1.0,3
C234W,1.0,2
C234W G270M,2.0,4
C259*,1.0,46
C259* A296S,2.0,3
C259* A330V,2.0,2
C259* A355I,2.0,3
C259* E295L,2.0,2
C259* E346S,2.0,15
C259* E354P,2.0,6
C259* I275T Y359S,3.0,6
C259F,1.0,5
C259I,1.0,4
C259K,1.0,2
C259P,1.0,3
C259Q,1.0,10
C259T,1.0,3
C259V,1.0,2
C259W G283* A344*,3.0,4
C259W V352R,2.0,2
D101A G239D I255* G290A,4.0,3
D101A S215* E354W,3.0,5
D101E,1.0,15
D101I A296Y,2.0,4
D110*,1.0,18
D110* A344V,2.0,2
D110C G229S E297*,3.0,3
D110E L174V D263G R318*,4.0,2
D110E S308M W342L,3.0,4
D110H D217*,2.0,3
D110L,1.0,3
D110R,1.0,4
D110R A127* L351T,3.0,3
D110T L278*,2.0,2
D133*,1.0,30
D133G,1.0,3
D133G L245*,2.0,2
D133N L153*,2.0,6
D133R,1.0,3
D133S A147V T156Y A330R,4.0,9
D133S I197* I299S,3.0,6
D133Y V348L,2.0,4
D170*,1.0,14
D170P,1.0,2
D170S Q357K,2.0,4
D170T,1.0,7
D170V T179M,2.0,3
D173*,1.0,94
D173* C259E,2.0,2
D173* D242C,2.0,3
D173* Q357P,2.0,4
D173* W342E,2.0,6
D173A,1.0,12
D173A L327R,2.0,2
D173E,1.0,5
D173F S335D,2.0,6
D173G,1.0,3
D173G E297N,2.0,2
D173G T237*,2.0,2
D173I L301*,2.0,2
D173K,1.0,3
D173L,1.0,2
D173M,1.0,2
D173N L351I,2.0,2
D173N R198W R210*,3.0,3
D173P,1.0,4
D173P D191L,2.0,4
D173Q C259A,2.0,3
D173R,1.0,8
D173R D304*,2.0,2
D173R V252L,2.0,2
D173S,1.0,9
D173S I255N D263W,3.0,2
D173S Y223L L301*,3.0,3
D173V A317V V348G,3.0,11
D173V E354V,2.0,5
D173W,1.0,2
D173W V294*,2.0,4
D173Y D263M,2.0,2
D190C L303Y,2.0,2
D191* V348S,2.0,8
D214*,1.0,16
D214A,1.0,7
D214E,1.0,3
D214G,1.0,4
D214S,1.0,2
D217*,1.0,18
D217* D347P,2.0,2
D217A,1.0,3
D217A S334*,2.0,2
D217E,1.0,20
D217E L278M,2.0,2
D217G,1.0,4
D217N,1.0,3
D217T,1.0,2
D217T E354V,2.0,4
D217V,1.0,6
D242*,1.0,10
D242* E295S,2.0,2
D242* G337C,2.0,5
D242C,1.0,2
D242I S311*,2.0,2
D242L E297*,2.0,3
D244*,1.0,13
D244* K323W,2.0,11
D244A,1.0,4
D244C,1.0,4
D244E,1.0,2
D244G,1.0,2
D244G G337*,2.0,2
D244H,1.0,2
D244M,1.0,5
D244N,1.0,2
D244R,1.0,4
D244V,1.0,2
D244V E295P,2.0,2
D244W,1.0,16
D244Y,1.0,10
D263*,1.0,10
D263* E322V,2.0,5
D263A,1.0,4
D263C A363T,2.0,14
D263G,1.0,2
D263L,1.0,2
D263L E295C,2.0,10
D263L R288I R314*,3.0,5
D263R,1.0,3
D263T,1.0,2
D263V,1.0,3
D269*,1.0,25
D269* E297I,2.0,13
D269A,1.0,4
D269F,1.0,4
D269F D353V,2.0,4
D269I,1.0,3
D269R,1.0,6
D269S,1.0,4
D269S R285*,2.0,6
D269T Y331F,2.0,2
D269Y,1.0,3
D304H,1.0,2
D304S,1.0,6
D304S Y331*,2.0,8
D347*,1.0,8
D347C,1.0,4
D347E,1.0,2
D347I,1.0,2
D347L,1.0,6
D347M,1.0,2
D347R,1.0,3
D347R A355P,2.0,4
D347V,1.0,14
D353E,1.0,2
D353H,1.0,4
D353P,1.0,2
D353Q,1.0,4
D353R,1.0,3
D353R Y359*,2.0,4
D353S,1.0,2
D353V,1.0,2
D36A Y223C V348*,3.0,2
D36T E100K I266* R314K,4.0,2
D40*,1.0,4
D40* G313S,2.0,2
D40* K205V S334P,3.0,2
D40* W89R Q200L,3.0,3
D40E D347G,2.0,3
D40E E365A,2.0,3
D40E P83L R160* A319G F356S,5.0,11
D40E S164*,2.0,2
D40K,1.0,8
D40K W50R W70*,3.0,6
D40P,1.0,17
D40R,1.0,2
D40R L260G,2.0,2
D40S Q67*,2.0,3
D40V V176S,2.0,5
D63*,1.0,4
D63* R285T I299M,3.0,5
D63G G343W,2.0,2
D63N,1.0,2
D63P Q200P,2.0,2
D63R V175G,2.0,2
D63W,1.0,13
E100*,1.0,10
E100D T156E V240R K307*,4.0,3
E100G Q339G,2.0,2
E100K,1.0,2
E100N,1.0,2
E100Q V348R,2.0,3
E100W C259A S268*,3.0,5
E122*,1.0,8
E122K Y359R,2.0,2
E122P R288T E346Y,3.0,2
E149*,1.0,6
E149K,1.0,2
E149L Q192F,2.0,3
E149N R160*,2.0,2
E149V,1.0,3
E149V T156L,2.0,4
E158*,1.0,7
E158* T179V,2.0,2
E158F A178S E322H,3.0,2
E158G,1.0,2
E158P,1.0,2
E166*,1.0,17
E166* S335V,2.0,6
E166* V294R,2.0,3
E166G E295G,2.0,3
E166S,1.0,2
E195*,1.0,12
E195* Q200S G236N,3.0,2
E195* R198* A320G,3.0,4
E195N E346*,2.0,2
E231A,1.0,3
E231S E295L,2.0,2
E231Y G236R,2.0,2
E250F,1.0,7
E250G E295P,2.0,4
E250K,1.0,2
E273D,1.0,5
E273T G337R,2.0,5
E276*,1.0,3
E276M,1.0,6
E276Q E346D,2.0,3
E295*,1.0,15
E295* E365D,2.0,2
E295A,1.0,7
E295G,1.0,10
E295G A319R,2.0,19
E295L,1.0,7
E295L G332L,2.0,2
E295L Y359*,2.0,4
E295P,1.0,13
E295Q,1.0,3
E295R,1.0,9
E295R H360I,2.0,2
E295S,1.0,4
E295S P309*,2.0,5
E295T,1.0,13
E295V,1.0,9
E295Y A336T,2.0,2
E297*,1.0,40
E297* Y331K,2.0,6
E297G,1.0,4
E297H,1.0,2
E297K,1.0,4
E297L,1.0,6
E297M,1.0,2
E297P,1.0,3
E297P E354S,2.0,2
E297P G337*,2.0,3
E297Q,1.0,5
E297S,1.0,11
E297T,1.0,44
E297V,1.0,9
E297W,1.0,9
E322*,1.0,7
E322D,1.0,5
E322R,1.0,4
E322S,1.0,2
E324*,1.0,5
E324G,1.0,2
E324M,1.0,4
E346*,1.0,8
E346C,1.0,3
E346L,1.0,4
E346P,1.0,2
E346V,1.0,2
E354*,1.0,7
E354F,1.0,3
E354Q,1.0,5
E354R,1.0,4
E354T,1.0,4
E354V,1.0,7
E354W,1.0,3
E365M,1.0,2
E365V,1.0,2
E39*,1.0,18
E39* A47N E158D K205R,4.0,11
E39* T93R W107L,3.0,4
E39A,1.0,7
E39D,1.0,4
E39F V79G,2.0,9
E39K E297F,2.0,3
E39K P249*,2.0,6
E39M,1.0,3
E39N L262*,2.0,6
E39R,1.0,2
E71A,1.0,6
E71G D173*,2.0,3
E71I R198P E297R,3.0,2
E71I T156L A172I,3.0,3
E71L,1.0,8
E71L I128*,2.0,3
E71N A330L,2.0,2
E71P,1.0,5
E71P V325R,2.0,2
E71R N281I,2.0,4
E71S A139*,2.0,6
E71V,1.0,2
E72*,1.0,13
E72* G274F G332S W342N,4.0,7
E72* T271G,2.0,8
E72A Q98P A330N,3.0,2
E72A S335* H360R,3.0,3
E72C G92S E297G,3.0,2
E72D,1.0,6
E72D R298T,2.0,7
E72F,1.0,5
E72N A319*,2.0,5
E72R,1.0,2
E72S P218Y A330M,3.0,2
E72V T74I A317R,3.0,5
F157A A349S,2.0,6
F157D A320S F333R A355W,4.0,5
F157L,1.0,2
F157P,1.0,9
F169*,1.0,2
F169* A362S,2.0,3
F169L,1.0,2
F169M,1.0,2
F169R L260*,2.0,3
F169S,1.0,5
F333*,1.0,14
F333E,1.0,6
F333I V352T,2.0,7
F333K,1.0,3
F333R,1.0,5
F333T,1.0,2
F356*,1.0,2
F46*,1.0,16
F46* L256G,2.0,2
F46A V202H,2.0,4
F46L Q98G,2.0,2
F46L R289*,2.0,21
F46S D190*,2.0,2
F58*,1.0,58
F58* A319V,2.0,4
F58* C234G,2.0,6
F58* E297*,2.0,7
F58* G199R,2.0,2
F58* K77T,2.0,6
F58* Q151L,2.0,2
F58* R364G,2.0,4
F58* S216T K323R,3.0,2
F58* T156N P226L,3.0,3
F58* T212N,2.0,5
F58* T93K,2.0,11
F58C,1.0,4
F58D,1.0,2
F58E,1.0,4
F58G S220T,2.0,3
F58G V82G G154T,3.0,3
F58H,1.0,9
F58H A87D S121A P226Q,4.0,3
F58K,1.0,8
F58K D173*,2.0,5
F58K I128F T265S,3.0,2
F58K Q200R A296* A336S,4.0,3
F58L,1.0,3
F58L A349*,2.0,7
F58L G171* Q253H,3.0,3
F58L L103* A127H,3.0,4
F58M,1.0,2
F58M A155L R160M,3.0,4
F58M L103S,2.0,2
F58M P249T N281R,3.0,5
F58P,1.0,2
F58P A349T,2.0,2
F58P D263R,2.0,2
F58P T212*,2.0,6
F58S D242N Q253* Y338D,4.0,2
F58S E71V,2.0,2
F58S I225V,2.0,4
F58S L135H,2.0,3
F58S W89* I224L,3.0,3
F58T,1.0,16
F58T D269A R285*,3.0,2
F58T E295G H329K,3.0,2
F58T V204G,2.0,2
F58V,1.0,5
F58V D190H,2.0,2
F58W Q192A T265R S335L,4.0,4
F58Y,1.0,2
F58Y F169K,2.0,2
F58Y T84V P124L D217*,4.0,4
F75*,1.0,21
F75* T237E,2.0,6
F75A Q357E,2.0,4
F75D,1.0,3
F75E E122I,2.0,2
F75R A320T,2.0,4
F75S,1.0,2
F75S Q144R G332L A355N,4.0,3
F96*,1.0,6
F96* A319G,2.0,7
F96L,1.0,4
F96R,1.0,2
F96V,1.0,4
G102*,1.0,39
G102* L262A,2.0,7
G102* R198S,2.0,2
G102* R288G G337V,3.0,5
G102A E295T G315L,3.0,3
G102C,1.0,2
G102D,1.0,3
G102E,1.0,2
G102E S121E,2.0,2
G102F,1.0,3
G102L,1.0,2
G102L S341P,2.0,3
G102M I266*,2.0,2
G102R S335R,2.0,2
G102S Y108* R314G,3.0,6
G102T,1.0,2
G102T G199*,2.0,2
G102V,1.0,18
G102V E250H,2.0,2
G102V L118T E297Y,3.0,2
G102W,1.0,2
G105*,1.0,8
G105* Y142T,2.0,7
G105A,1.0,2
G105C Q200P,2.0,2
G105L K205*,2.0,6
G105S A194L,2.0,3
G105S G290M,2.0,2
G105T,1.0,6
G105V,1.0,18
G105V L150V,2.0,2
G105Y G199* S215F,3.0,2
G11*,1.0,5
G11A P65L T156*,3.0,3
G11D L135*,2.0,2
G11D L33W,2.0,2
G11E,1.0,2
G11H,1.0,2
G11K,1.0,2
G11K G241S,2.0,2
G11L,1.0,3
G11L E322T,2.0,7
G11L R318N,2.0,2
G11M E39F A193P,3.0,6
G11Q L284A V348C,3.0,3
G11R,1.0,3
G11S,1.0,3
G11S A51S E71*,3.0,4
G11V Y359C,2.0,3
G126* G199V,2.0,6
G126P H360*,2.0,2
G126Q Q350N,2.0,3
G126S V294R,2.0,3
G126T,1.0,3
G129*,1.0,2
G129* A363L,2.0,3
G129* N177W I225L,3.0,2
G129* S246P D347L,3.0,2
G129* V277F E295A,3.0,3
G129C T156K D214C,3.0,6
G129D,1.0,4
G129I D347P,2.0,4
G129L E354M Y359L,3.0,2
G129L G313V,2.0,2
G129L N281*,2.0,2
G129L V348W,2.0,2
G129M,1.0,3
G129N,1.0,2
G129P,1.0,12
G129R,1.0,4
G129V,1.0,7
G129V S335P,2.0,5
G129W,1.0,3
G13*,1.0,2
G13* Q357L,2.0,8
G13* S43L L278I E346A,4.0,2
G13A,1.0,2
G13A V348R A355P,3.0,2
G13C,1.0,2
G13F W107T I189M I233A,4.0,4
G13H,1.0,2
G13K,1.0,4
G13L G129Y,2.0,2
G13L P228L S316A,3.0,2
G13L V130* G332Q,3.0,4
G13M K91T E297Y,3.0,3
G13P R94*,2.0,3
G13Q,1.0,3
G13R,1.0,3
G13R V348W,2.0,2
G13S D170Y A349F,3.0,2
G13S V352*,2.0,3
G13S W107L D173G G199A,4.0,2
G13T,1.0,2
G13V A296V,2.0,2
G13V C143S,2.0,3
G13Y V130R,2.0,2
G154D A183*,2.0,14
G154E D217*,2.0,2
G154L,1.0,3
G154L S206R,2.0,5
G154S G236A E297P,3.0,3
G154V,1.0,3
G154W D347R,2.0,2
G16* T156G,2.0,14
G16D A68*,2.0,2
G16I A355S,2.0,2
G16L,1.0,4
G16M,1.0,3
G16P,1.0,7
G16R N177R,2.0,2
G16S,1.0,4
G16S A345V,2.0,2
G16V T93Q,2.0,4
G171*,1.0,16
G171C,1.0,2
G171D,1.0,2
G171E,1.0,11
G171I,1.0,3
G171K,1.0,2
G171R,1.0,8
G171S,1.0,12
G180*,1.0,7
G180* R298K,2.0,4
G180R G337A,2.0,2
G182D Q340I,2.0,2
G182R,1.0,4
G188V K205M,2.0,4
G199*,1.0,24
G199C,1.0,3
G199D,1.0,4
G199K,1.0,7
G199P T237*,2.0,20
G199P V252Y,2.0,2
G199R D263R,2.0,2
G199V,1.0,32
G199W,1.0,2
G229*,1.0,7
G229* A287D,2.0,2
G229* D304L V348Y,3.0,2
G229* L260S,2.0,3
G229A V348*,2.0,2
G229C,1.0,9
G229C A355W,2.0,5
G229L,1.0,6
G229S,1.0,9
G229S V247I,2.0,2
G230*,1.0,4
G230* I233F,2.0,2
G230* R298C,2.0,14
G230K,1.0,7
G230T,1.0,3
G230V,1.0,4
G230W,1.0,17
G235F A336H,2.0,3
G235K E365*,2.0,4
G235S,1.0,2
G235V T265*,2.0,5
G236*,1.0,10
G236* K307G,2.0,4
G236C,1.0,2
G236L L312N,2.0,2
G236R I299K,2.0,7
G236S,1.0,5
G236S G361*,2.0,5
G236S Y359*,2.0,3
G239E,1.0,19
G239L R298T,2.0,2
G239R E297W Q357F,3.0,2
G239R P302A,2.0,2
G239S P249A,2.0,13
G239W A330F,2.0,4
G241*,1.0,27
G241* H280F,2.0,3
G241C,1.0,2
G241L,1.0,4
G27*,1.0,4
G27* A193V A222T,3.0,5
G27* V328Q,2.0,2
G270*,1.0,10
G270* S308*,2.0,4
G270A,1.0,4
G270D K307L,2.0,2
G270I,1.0,2
G270K,1.0,2
G270R,1.0,5
G270S,1.0,2
G270V,1.0,11
G274H,1.0,5
G274R,1.0,3
G274V,1.0,5
G27D,1.0,2
G27K T74N V294A G337D,4.0,2
G27K V82F F157R,3.0,2
G27V I186V A317R,3.0,4
G27W,1.0,4
G283L,1.0,2
G290*,1.0,12
G290* G361L,2.0,4
G290A A330V,2.0,3
G290D,1.0,3
G290F,1.0,2
G290P,1.0,2
G290S,1.0,9
G290V,1.0,7
G291*,1.0,5
G291F,1.0,4
G291K,1.0,2
G291S,1.0,3
G291T S334*,2.0,5
G291V,1.0,2
G313* A349N,2.0,5
G313H,1.0,2
G313K,1.0,3
G313S V328I,2.0,4
G332*,1.0,6
G332D S335W,2.0,4
G332H A349S,2.0,3
G332L,1.0,8
G332L A363K,2.0,3
G332N,1.0,3
G332Q A344K,2.0,3
G332W,1.0,2
G337*,1.0,15
G337A,1.0,4
G337C,1.0,8
G337E,1.0,15
G337F,1.0,7
G337I,1.0,2
G337K,1.0,2
G337L,1.0,12
G337P A355*,2.0,3
G337R,1.0,8
G337R A363*,2.0,6
G337S,1.0,16
G337V,1.0,11
G337W,1.0,2
G343S,1.0,2
G343T,1.0,3
G343V,1.0,2
G361*,1.0,24
G361S,1.0,4
G361T,1.0,2
G52* V325R,2.0,6
G52L A344R,2.0,4
G52R Q200L D347*,3.0,2
G52V,1.0,3
G64* P221S,2.0,2
G64D,1.0,3
G64L A183N G230L S308D,4.0,2
G64L I225T,2.0,3
G85*,1.0,29
G85A A155K K307T,3.0,5
G85A G291Y,2.0,6
G85C,1.0,2
G85E P207L,2.0,3
G85K,1.0,3
G85R,1.0,3
G85R W89* C234N,3.0,4
G85V E297R,2.0,8
G85W R305L,2.0,2
G92D,1.0,3
G92E T212*,2.0,3
G92R G199P E297T G337Y,4.0,2
G92R T131*,2.0,7
G92V V162*,2.0,2
G92W,1.0,2
H106*,1.0,2
H106C L150C C211R R305G,4.0,2
H106L D263K,2.0,2
H106L L118M L351R,3.0,2
H106R I255L G283V,3.0,3
H138*,1.0,5
H138T,1.0,2
H138Y E297*,2.0,3
H2*,1.0,9
H2* L165W,2.0,4
H2* T112F,2.0,4
H258*,1.0,14
H280D,1.0,2
H280L,1.0,4
H280P S335L,2.0,2
H2C,1.0,2
H2I M88*,2.0,2
H2L V130L,2.0,9
H2Q,1.0,4
H31* C234L,2.0,2
H31A S267T A296H,3.0,2
H31E E346*,2.0,2
H31I F169P I197*,3.0,2
H31L,1.0,6
H31M R314*,2.0,3
H31N T131*,2.0,5
H31Q,1.0,4
H31R P221*,2.0,6
H31S V325*,2.0,5
H31W D173Y,2.0,41
H31W I266L,2.0,2
H329*,1.0,8
H329A,1.0,5
H329E,1.0,2
H329Q,1.0,2
H329R,1.0,3
H329W,1.0,2
H360*,1.0,4
H360M,1.0,3
H360N,1.0,3
H360P,1.0,3
H360Q,1.0,2
H360T,1.0,3
H360Y,1.0,3
H86*,1.0,5
H86* G343R,2.0,2
H86* S268V,2.0,4
H86* V176D G270A A317K,4.0,2
H86F C208W,2.0,6
H86K W107T C259S,3.0,2
H86L,1.0,4
H86R,1.0,5
H86S,1.0,2
I111*,1.0,27
I111* G290C,2.0,3
I111* L301E D347V,3.0,10
I111* S267P,2.0,3
I111C,1.0,6
I111F,1.0,2
I111H,1.0,2
I111L,1.0,3
I111M,1.0,10
I111M P302A,2.0,3
I111R A355S,2.0,2
I111R V252A,2.0,4
I111V,1.0,2
I128*,1.0,34
I128* D347S,2.0,6
I128* E354L,2.0,13
I128* G154A,2.0,30
I128* P226S T265R,3.0,5
I128* R288*,2.0,9
I128* R358F,2.0,4
I128* S246Y,2.0,2
I128* T326V,2.0,2
I128A A172R V348*,3.0,2
I128D,1.0,7
I128H,1.0,5
I128H R254* E297T,3.0,2
I128K,1.0,4
I128K E297K,2.0,4
I128L,1.0,5
I128M,1.0,5
I128N,1.0,3
I128P,1.0,3
I128Q D190*,2.0,12
I128R A319G,2.0,2
I128R K307W,2.0,2
I128S,1.0,11
I128S D170* I255K,3.0,5
I128S T271*,2.0,12
I128V,1.0,17
I128V L146* L327K,3.0,2
I128Y,1.0,5
I128Y M213S,2.0,3
I15*,1.0,7
I15F H280L,2.0,2
I15G S42V E322D,3.0,2
I15G W78* F333R,3.0,3
I15K E39S Q144* G182* C234L,5.0,4
I15N,1.0,12
I15W V176G E297*,3.0,2
I186* D263L,2.0,2
I186G,1.0,2
I186M,1.0,13
I189*,1.0,5
I189* R227I G343P,3.0,8
I189C,1.0,2
I189N Y223R,2.0,6
I189R,1.0,5
I189S,1.0,3
I189S G313A,2.0,6
I189T Q253*,2.0,6
I189W E297V,2.0,2
I189Y,1.0,3
I189Y Y331*,2.0,5
I197*,1.0,26
I197C Q200* G337R,3.0,4
I197G P207W,2.0,2
I197H,1.0,2
I197L,1.0,4
I197N,1.0,2
I197S C234D,2.0,2
I197T S246*,2.0,3
I22* T237R,2.0,2
I224*,1.0,16
I224G,1.0,5
I224M,1.0,2
I224N Y331*,2.0,6
I224S,1.0,2
I224T,1.0,2
I224W,1.0,9
I225*,1.0,11
I225E,1.0,4
I225E C234* G239E,3.0,2
I225K A296*,2.0,9
I225P G332*,2.0,3
I225S G337S,2.0,2
I225T W342*,2.0,2
I22A,1.0,2
I22D G92Y L104T Q357D,4.0,2
I22L Q200*,2.0,15
I22N V82A D173P I233C,4.0,2
I22P N248P R289C F356*,4.0,17
I22Q,1.0,2
I22W,1.0,2
I233*,1.0,6
I233* C259Q,2.0,2
I233* E295F,2.0,10
I233* Q253L,2.0,3
I233D G290*,2.0,2
I233M,1.0,2
I233Y D242*,2.0,2
I255*,1.0,13
I255* R314S,2.0,2
I255* Y331L,2.0,4
I255A,1.0,2
I255P,1.0,16
I255S,1.0,2
I266*,1.0,4
I266G D347*,2.0,3
I266L,1.0,2
I266Q,1.0,2
I266S,1.0,3
I266T,1.0,3
I266Y,1.0,2
I272*,1.0,8
I272Q,1.0,3
I272S,1.0,3
I275*,1.0,20
I299*,1.0,4
I299* V328P,2.0,3
I299L,1.0,4
I299R,1.0,3
I32*,1.0,10
I32* A336P,2.0,8
I32* C259H F333N,3.0,5
I32* I186S C211E V348P,4.0,4
I32* W107S E346A,3.0,20
I32A W70N W78* K109R K209G S311Y,6.0,2
I32F E72*,2.0,2
I32K V175S,2.0,10
I32N G291E,2.0,3
I32P,1.0,3
I32R L203G,2.0,3
I32R P218*,2.0,2
I32T G343W,2.0,8
I32T R305*,2.0,3
K109*,1.0,39
K109* A183R,2.0,6
K109* A317T,2.0,6
K109* A355R,2.0,14
K109* E295L,2.0,5
K109* I225C R358E,3.0,3
K109* R160*,2.0,2
K109* S335*,2.0,2
K109* V300S,2.0,2
K109A E354*,2.0,3
K109C N177H D353* E365G,4.0,2
K109F,1.0,8
K109G,1.0,4
K109I A178E,2.0,3
K109I Q357A,2.0,2
K109L,1.0,7
K109M G229E A320L,3.0,4
K109P Q200* T306M,3.0,2
K109Q A355V,2.0,2
K109V C208T L301C,3.0,2
K109V S246A,2.0,2
K109W,1.0,2
K109W L153F G154C S164V,4.0,2
K141*,1.0,11
K141* T271E,2.0,3
K141A K321*,2.0,2
K141G E297K,2.0,3
K141G G337K,2.0,2
K141L,1.0,4
K141N,1.0,6
K141P,1.0,2
K141W,1.0,2
K152*,1.0,18
K152* N248H,2.0,10
K152F M213H I255S,3.0,2
K152L,1.0,2
K152N,1.0,2
K152Q,1.0,2
K152S,1.0,5
K152S C259H,2.0,2
K152V,1.0,2
K184*,1.0,5
K205*,1.0,26
K205* R305G,2.0,5
K205M,1.0,3
K205M G332S,2.0,3
K205N,1.0,2
K205P,1.0,3
K205R,1.0,3
K205R L301*,2.0,4
K205T I272A,2.0,2
K205V E295A F333E E346L,4.0,2
K205Y,1.0,2
K209*,1.0,5
K257*,1.0,27
K257* G315S,2.0,3
K257* V325C,2.0,5
K257E,1.0,4
K257M,1.0,3
K257M V294P,2.0,2
K257R,1.0,3
K257T,1.0,4
K26*,1.0,33
K26* A355E,2.0,14
K26* G283R,2.0,2
K26A,1.0,5
K26A A51S A296V,3.0,2
K26E,1.0,3
K26F Y142M N281P,3.0,2
K26H K205*,2.0,7
K26M,1.0,3
K26P,1.0,2
K26P A68R,2.0,3
K26P I275W,2.0,12
K26P K109G,2.0,3
K26P K205Q,2.0,2
K26P P302V,2.0,2
K26R,1.0,3
K26R I128S,2.0,8
K26S V130* A363F,3.0,2
K26T,1.0,2
K26V R160* A355*,3.0,11
K307*,1.0,65
K307* V352S,2.0,4
K307D,1.0,16
K307E,1.0,2
K307L,1.0,4
K307R,1.0,3
K307S,1.0,8
K307T,1.0,9
K307V,1.0,2
K307V A317G,2.0,2
K307W Y331*,2.0,2
K321*,1.0,2
K321D Q340G,2.0,9
K321V,1.0,2
K321W,1.0,5
K323* F356W,2.0,7
K323M,1.0,3
K5*,1.0,23
K5* A320R,2.0,3
K5* F157* D217V,3.0,2
K5* F157L L174* V294D,4.0,2
K5* G102R E297L,3.0,3
K5* G102T L245R,3.0,16
K5* G270K,2.0,6
K5* H258N A319D,3.0,6
K5* I189V Y331L,3.0,9
K5* M59T L81A D347V,4.0,8
K5* P83D,2.0,2
K5* S335I,2.0,3
K5* S335Y V348P,3.0,5
K5* S43R,2.0,15
K5A,1.0,3
K5A L81* T326Y V352*,4.0,2
K5E,1.0,2
K5E L21* E295T,3.0,3
K5G H360*,2.0,2
K5G W78* Q357P,3.0,3
K5L C259T,2.0,2
K5L L165S R298Y,3.0,2
K5L V82M Y108P Q167S,4.0,7
K5N,1.0,5
K5N A155G R293S,3.0,2
K5N D173*,2.0,7
K5P,1.0,6
K5P W107S,2.0,6
K5Q P65*,2.0,2
K5R F58*,2.0,2
K5R T93N,2.0,2
K5R Y132P,2.0,2
K5S,1.0,2
K5S R66V E295*,3.0,6
K5S Y132* S311R,3.0,4
K5T Y28N P57L,3.0,2
K5V V325Y A355L,3.0,5
K5W C259G V348*,3.0,4
K5W E231*,2.0,5
K69*,1.0,23
K69* G199A,2.0,3
K69* G337L,2.0,9
K69* P286Q,2.0,5
K69* P83Q A296G,3.0,10
K69* S334R,2.0,4
K69* T156M T326I,3.0,3
K69I S136L R148* P302A,4.0,4
K69M G283S,2.0,5
K69N,1.0,2
K69P,1.0,2
K69P A319S,2.0,4
K69R,1.0,13
K69S E295*,2.0,7
K69T H106S,2.0,17
K69W,1.0,2
K69W R95* F157R E297L,4.0,5
K76*,1.0,5
K76* G102S,2.0,2
K76* N177K P292R,3.0,7
K76* R364K,2.0,4
K76A,1.0,3
K76M W107R,2.0,2
K76P,1.0,2
K76R L245P,2.0,11
K76T V130A,2.0,2
K76W E354P,2.0,2
K76Y T212*,2.0,4
K77*,1.0,7
K77G,1.0,3
K77G G180I G236T,3.0,3
K91*,1.0,10
K91* K205R,2.0,12
K91* S341D,2.0,3
K91* V294D,2.0,2
K91E,1.0,2
K91L I233*,2.0,5
K91T,1.0,6
K91V,1.0,2
K91W,1.0,2
K91W N114* S334L,3.0,10
L10*,1.0,3
L10* E149Y M213R R358T,4.0,13
L10* I266S,2.0,5
L10* Y108V E295V,3.0,2
L103*,1.0,2
L103* E297* H329Y,3.0,2
L103* G337R,2.0,11
L103* R305A Y331C,3.0,2
L103F,1.0,7
L103K T134* R358*,3.0,2
L103N,1.0,3
L103P,1.0,2
L103R,1.0,2
L104*,1.0,25
L104* A319L,2.0,13
L104* L301R,2.0,5
L104* S268M,2.0,4
L104* V162G,2.0,3
L104* V252T V348R,3.0,5
L104F I266A,2.0,2
L104H V294A Q357T,3.0,5
L104R,1.0,2
L104R G332*,2.0,10
L104W,1.0,2
L104W T134I,2.0,4
L10A,1.0,2
L10E W89E W342T,3.0,2
L10F W89* C211W,3.0,4
L10G,1.0,7
L10G Q357I,2.0,3
L10K,1.0,6
L10M,1.0,7
L10N,1.0,3
L10Q L61K D170E,3.0,2
L10R,1.0,2
L10S E72L P226R,3.0,3
L10S G337W,2.0,2
L10S P65* K76L,3.0,7
L10T,1.0,4
L10T S308W,2.0,2
L118*,1.0,50
L118* E346R F356V,3.0,2
L118E D217E,2.0,5
L118H C259F,2.0,4
L118T L310* Y331T,3.0,11
L135*,1.0,19
L135A P228L S335T,3.0,2
L135W,1.0,4
L146* E297K,2.0,2
L146A V277* F356Y,3.0,4
L146G,1.0,7
L146R,1.0,5
L146T,1.0,2
L146V,1.0,4
L146W,1.0,2
L150*,1.0,7
L150R,1.0,4
L150W,1.0,4
L153*,1.0,16
L153* D244A,2.0,12
L153E,1.0,34
L153M,1.0,2
L153P,1.0,2
L153S V294H,2.0,2
L153W Q253L,2.0,2
L153W R198*,2.0,10
L165*,1.0,14
L165* P286Q,2.0,3
L165F G291L,2.0,2
L165G H329*,2.0,2
L165R,1.0,5
L17*,1.0,10
L17* K205L,2.0,9
L174*,1.0,40
L174* R358W,2.0,5
L174C A296D A330*,3.0,4
L174E G180R,2.0,2
L174K,1.0,6
L174Q A355*,2.0,6
L174V,1.0,2
L174W A336V,2.0,3
L17A,1.0,18
L17A Y115G S311F A320V,4.0,2
L17D,1.0,2
L17D E100D T156E,3.0,2
L17D P207L G290W,3.0,2
L17E G239R,2.0,7
L17E W107*,2.0,2
L17F L90*,2.0,3
L17F S308* K321I,3.0,2
L17K A330L,2.0,2
L17N Q98*,2.0,2
L17N Y223C V348*,3.0,4
L17P,1.0,3
L17R C259V,2.0,3
L17S,1.0,5
L17T D63W W107*,3.0,7
L17T T156L,2.0,2
L17W G290E,2.0,3
L181* E295Y E324G,3.0,4
L181* L278V,2.0,7
L181P A194P,2.0,3
L203*,1.0,9
L203* E276V H360S,3.0,2
L203N,1.0,3
L203Q R314*,2.0,3
L203R R318D,2.0,2
L203S,1.0,2
L203Y,1.0,8
L21*,1.0,22
L21* E122G,2.0,7
L21* E297I,2.0,6
L21* L90Y N99Q,3.0,10
L21D K307V,2.0,2
L21E,1.0,3
L21G,1.0,6
L21H Y331M,2.0,2
L21I F58T R261* G270D,4.0,15
L21M,1.0,2
L21P,1.0,4
L21P F58R V82S,3.0,2
L21P L33*,2.0,6
L21Q A168V,2.0,2
L21Q L103Q,2.0,4
L21Q T156R D217G,3.0,4
L21R,1.0,5
L21S,1.0,2
L21S A178S,2.0,2
L21S V175Q C234F,3.0,5
L21W W107M T212*,3.0,11
L21Y T265*,2.0,2
L23*,1.0,7
L23* E295N,2.0,2
L23A,1.0,2
L23E,1.0,2
L23E S335L,2.0,7
L23F,1.0,2
L23K,1.0,3
L23K D263G,2.0,2
L23M L61E M88G H360E,4.0,5
L23R C259*,2.0,7
L23R G332S,2.0,2
L23S,1.0,2
L23S A344F,2.0,2
L23S D173W,2.0,4
L23T R298S E354C,3.0,2
L23W P286Y,2.0,4
L245*,1.0,28
L245C,1.0,3
L245G,1.0,6
L245N A320E,2.0,3
L245Q,1.0,4
L245R,1.0,9
L245R E276*,2.0,2
L245S,1.0,2
L245T,1.0,2
L256*,1.0,26
L256* L312G,2.0,3
L256G L303F,2.0,2
L256K,1.0,5
L256R,1.0,3
L260*,1.0,18
L260* H360Y,2.0,6
L260A V328L R358Y,3.0,2
L260G,1.0,5
L260S V277*,2.0,2
L262*,1.0,18
L262G,1.0,4
L262P E297D G361S,3.0,2
L278* E297V,2.0,6
L278A V325N,2.0,2
L278G,1.0,2
L278N,1.0,3
L301*,1.0,16
L303*,1.0,17
L303T,1.0,3
L310*,1.0,19
L310D,1.0,2
L310F,1.0,5
L310G,1.0,4
L310Q,1.0,3
L310S,1.0,3
L312*,1.0,16
L312* H360G,2.0,7
L312A,1.0,6
L312H,1.0,2
L312M G337C,2.0,2
L327A,1.0,3
L327C,1.0,2
L327G,1.0,3
L327K,1.0,2
L33*,1.0,44
L33* G85*,2.0,4
L33* R293D,2.0,6
L33E F169Q,2.0,5
L33M K109D Q339D,3.0,3
L33N Q200* A296V G361T,4.0,9
L33Q A51* R305M,3.0,3
L33T A183R Q253A E346*,4.0,2
L33V Q357D,2.0,2
L33W,1.0,2
L33W D263G,2.0,3
L351A,1.0,2
L351F,1.0,3
L37Q,1.0,2
L37T T201G,2.0,2
L61*,1.0,10
L61* R148K,2.0,3
L61* V204D,2.0,7
L61R,1.0,3
L61S,1.0,3
L61W,1.0,2
L61W R94S D173M L284V Q339*,5.0,9
L81*,1.0,23
L81A,1.0,2
L81F G229S,2.0,2
L81S,1.0,3
L81S G315M,2.0,3
L81V E295S,2.0,3
L81V S220*,2.0,3
L90*,1.0,27
L90* R285K L327A,3.0,10
L90* R318L,2.0,2
L90* T237*,2.0,3
L90F,1.0,2
L90G,1.0,3
L90K G241* A355R,3.0,6
L90Q P113C,2.0,2
L90R L260*,2.0,19
L90S Q339*,2.0,3
M1L,1.0,4
M213L,1.0,3
M213V,1.0,17
M59*,1.0,7
M59A P83* W243Y,3.0,3
M59D S267E,2.0,3
M59I,1.0,2
M59I P125I,2.0,2
M59K A194T,2.0,3
M59L I224* D347A,3.0,4
M59Q D242*,2.0,2
M59R,1.0,6
M59R P83L E295L,3.0,4
M59S,1.0,4
M88*,1.0,24
M88* L174R,2.0,4
M88* L262F R314T,3.0,3
M88* V176R,2.0,15
M88A,1.0,5
M88D E297R,2.0,2
M88F R148A I189S,3.0,2
M88K E295M,2.0,3
M88L,1.0,7
M88N Y108V P125R L245*,4.0,7
M88Q S268R,2.0,3
M88R D101Y,2.0,4
M88S,1.0,4
M88V R94* Y338W,3.0,4
N114*,1.0,24
N114* R148S,2.0,2
N114G D133*,2.0,2
N114I,1.0,2
N114Q G239W,2.0,2
N114T,1.0,4
N177*,1.0,16
N177* H329N,2.0,6
N177* L351V,2.0,5
N177* V252A,2.0,16
N177A,1.0,2
N177A G332S,2.0,2
N177E T237*,2.0,2
N177F,1.0,3
N177K,1.0,4
N177K V294F R358V,3.0,2
N177M,1.0,2
N177M P207T E297G,3.0,2
N177P H258Q,2.0,2
N177P S335V,2.0,4
N177Q Q200C,2.0,3
N177S L256V V300G,3.0,3
N177T,1.0,2
N177T T271*,2.0,2
N177Y,1.0,2
N248*,1.0,9
N248* E295S,2.0,4
N248A E322F,2.0,3
N248D,1.0,2
N248E,1.0,2
N248G,1.0,2
N248K,1.0,2
N248R,1.0,4
N248S,1.0,2
N281*,1.0,8
N281G,1.0,6
N281R,1.0,2
N54*,1.0,11
N54* A345V,2.0,2
N54F M88R C211D A355F,4.0,3
N54T,1.0,2
N54T Q67K,2.0,2
N54T Y331G V348L,3.0,2
N99*,1.0,8
N99* E346R,2.0,7
N99* L301*,2.0,7
N99A V130* D347G,3.0,11
N99L,1.0,3
N99Q Q144* R160W,3.0,5
P113*,1.0,18
P113* E158R,2.0,9
P113* S121A,2.0,2
P113E G315W,2.0,2
P113G S215D,2.0,6
P113L K307* A344N,3.0,4
P113L K323*,2.0,4
P113N T156K,2.0,2
P113S,1.0,5
P113T,1.0,5
P113V,1.0,2
P117A Q253*,2.0,8
P117L,1.0,17
P117L C259P,2.0,2
P117N,1.0,3
P117S,1.0,8
P119G K307*,2.0,7
P119Q K209*,2.0,3
P124*,1.0,14
P124* R160L,2.0,3
P124* T265A,2.0,2
P124A E297W,2.0,5
P124F D173K,2.0,4
P124L G229R L256*,3.0,2
P124R,1.0,6
P124S,1.0,2
P124S S246I,2.0,3
P124T Q253P,2.0,3
P125*,1.0,5
P125* E297I,2.0,12
P125* G291S E365R,3.0,2
P125* R298T,2.0,4
P125* S185W,2.0,11
P125A I233*,2.0,2
P125E,1.0,2
P125E S185C,2.0,2
P125L,1.0,4
P125Q,1.0,3
P125S,1.0,4
P125T,1.0,4
P125Y,1.0,3
P140*,1.0,26
P140* P292N,2.0,4
P140A,1.0,2
P140H,1.0,2
P140H L260*,2.0,2
P140K I255R,2.0,2
P196*,1.0,3
P196D A336V,2.0,3
P196F,1.0,5
P196F G337E,2.0,2
P196H A296V G313R,3.0,2
P196S D347R,2.0,2
P196S Q200*,2.0,4
P207*,1.0,31
P207* E297Q,2.0,4
P207A Y359*,2.0,10
P207G,1.0,4
P207K,1.0,2
P207L,1.0,3
P207M,1.0,3
P207M I225V G361R,3.0,2
P207R,1.0,3
P207R S246A L310R V348M,4.0,8
P207S A330S,2.0,2
P218*,1.0,11
P218* A296E,2.0,2
P218H,1.0,2
P218I,1.0,3
P218L,1.0,13
P221*,1.0,10
P226*,1.0,4
P226I G291F,2.0,3
P226L,1.0,11
P226M,1.0,3
P226Q L262S,2.0,3
P226S,1.0,2
P226Y,1.0,2
P228*,1.0,4
P228* G241V,2.0,6
P228F D263*,2.0,2
P228G,1.0,3
P228R,1.0,11
P228V D269* A330Q,3.0,2
P228V S308Q G332Q,3.0,5
P249*,1.0,6
P249* A355N,2.0,5
P249R,1.0,2
P249V,1.0,3
P264*,1.0,4
P264L,1.0,4
P264T,1.0,5
P264V,1.0,2
P286*,1.0,3
P292*,1.0,5
P292C,1.0,4
P292E,1.0,2
P292G T326*,2.0,3
P292K,1.0,2
P292L,1.0,2
P292S,1.0,2
P302A,1.0,2
P302C,1.0,4
P302R,1.0,2
P302S Q357C,2.0,2
P302T,1.0,2
P309G,1.0,3
P309M G332Y,2.0,6
P309R,1.0,7
P309R D347W,2.0,2
P309Y,1.0,4
P38*,1.0,7
P38* G290P,2.0,7
P38A,1.0,3
P38R R148P S246Y,3.0,2
P38S,1.0,4
P38S A87T I255*,3.0,7
P38S I128* G154L,3.0,5
P38S S246*,2.0,4
P38S T56R C259M,3.0,2
P38S V175R,2.0,3
P38S V82* G332H,3.0,5
P38S W107P T265Y,3.0,3
P49*,1.0,4
P49* R318K,2.0,3
P49I,1.0,5
P49I P83*,2.0,2
P49L G229L S335L,3.0,4
P49L L174K D353M,3.0,2
P49N T84M W243*,3.0,3
P49T,1.0,2
P57*,1.0,37
P57* G188R Q200C,3.0,7
P57* G337A,2.0,2
P57* K307H A330V,3.0,5
P57* N177G P264R,3.0,2
P57* T156E,2.0,3
P57* W70S C234Y S335R,4.0,6
P57A,1.0,2
P57A A87* E346L,3.0,21
P57A I189F,2.0,2
P57A Q357*,2.0,2
P57D,1.0,5
P57E D173I,2.0,9
P57G,1.0,2
P57H,1.0,6
P57L R298*,2.0,3
P57L W70* L245G G290A,4.0,3
P57L Y115*,2.0,6
P57M,1.0,4
P57Q G126D,2.0,2
P57Q V294Y,2.0,2
P57R D170R,2.0,3
P57R K69*,2.0,2
P57R S185*,2.0,3
P57R T93L R285Y R318M,4.0,3
P57R V130D E346C,3.0,3
P57S,1.0,5
P57S K152E I275A,3.0,5
P57S S121Y P207I,3.0,8
P57T,1.0,6
P57T D170T,2.0,4
P57T D173W E346T,3.0,2
P57T I186*,2.0,2
P57V,1.0,2
P57V L181G G236V E297*,4.0,2
P57W,1.0,3
P57W Y132* I299V,3.0,3
P57Y R305W,2.0,2
P65*,1.0,19
P65* A155W,2.0,2
P65* A355V,2.0,17
P65* A97G,2.0,2
P65* Q200R,2.0,7
P65* R305V H329Q,3.0,2
P65A,1.0,2
P65A W107* S334T R358K,4.0,4
P65E E354*,2.0,2
P65G L327W,2.0,2
P65L D217A,2.0,2
P65L R95S L310T,3.0,3
P65L S267A,2.0,3
P65L V130P K205R,3.0,2
P65L V175*,2.0,21
P65N R159K,2.0,2
P65Q,1.0,7
P65R,1.0,5
P65R D217*,2.0,27
P65R G229E,2.0,4
P65S,1.0,2
P65S A187T P292S,3.0,7
P65S T179R,2.0,2
P65S T237*,2.0,9
P65T T237R,2.0,2
P65V,1.0,4
P65V V300*,2.0,3
P83*,1.0,66
P83* A296F,2.0,2
P83* E295F,2.0,6
P83* H138F,2.0,3
P83* K307E,2.0,3
P83* L301M,2.0,9
P83* Q200R,2.0,4
P83* S136L Q144G,3.0,3
P83A,1.0,5
P83A R160A,2.0,8
P83A V277I,2.0,2
P83E L245*,2.0,2
P83F,1.0,2
P83G,1.0,2
P83G C259V,2.0,3
P83H,1.0,3
P83K R288C,2.0,2
P83L,1.0,12
P83L A355*,2.0,5
P83L L262F,2.0,3
P83L Q357*,2.0,6
P83N,1.0,2
P83N A155Q A330G,3.0,3
P83Q,1.0,2
P83Q N248Q,2.0,4
P83R A345R,2.0,2
P83R E297R,2.0,2
P83S,1.0,9
P83S K184M,2.0,2
P83S Y223*,2.0,4
P83T,1.0,10
P83T A127V,2.0,2
P83T A155*,2.0,3
P83T P124*,2.0,2
P83T Q339*,2.0,3
P83T Q350L,2.0,4
P83V,1.0,13
P83W,1.0,2
Q144*,1.0,59
Q144* A178E G236R,3.0,8
Q144* A362V,2.0,4
Q144A Y145*,2.0,2
Q144F,1.0,6
Q144P,1.0,2
Q144P G180T G235F,3.0,2
Q144P Q357P,2.0,3
Q144S Y238S,2.0,3
Q144T,1.0,4
Q144W,1.0,8
Q151*,1.0,11
Q151* F169R I233S,3.0,6
Q151C,1.0,2
Q151I,1.0,2
Q151I C234Y L301*,3.0,3
Q151R,1.0,5
Q151V,1.0,2
Q167*,1.0,6
Q167* C259H,2.0,5
Q167* D347V,2.0,2
Q167* V204G A349R,3.0,3
Q167P,1.0,11
Q167V N177Y,2.0,2
Q167V S316F,2.0,2
Q192*,1.0,6
Q192* A320*,2.0,3
Q192A S311A,2.0,2
Q192H,1.0,3
Q192N G229S,2.0,5
Q192P E295Q,2.0,4
Q192S,1.0,30
Q192V C234A D263L,3.0,3
Q192V E322K,2.0,9
Q192W,1.0,2
Q200*,1.0,34
Q200* E297Y L303F,3.0,2
Q200* T237V S267*,3.0,2
Q200* V240A R285E,3.0,7
Q200* V348E,2.0,6
Q200* Y223M,2.0,7
Q200L,1.0,26
Q200V T265R,2.0,2
Q253*,1.0,21
Q253* E354L,2.0,5
Q253* G337C,2.0,8
Q253* K307P,2.0,4
Q253* V282*,2.0,2
Q253D K307*,2.0,3
Q253F E322D,2.0,4
Q253L S308*,2.0,4
Q253N,1.0,3
Q339*,1.0,4
Q339K,1.0,3
Q339L,1.0,4
Q339R,1.0,4
Q340P,1.0,2
Q350H,1.0,2
Q350R,1.0,6
Q357*,1.0,19
Q357F,1.0,5
Q357K,1.0,2
Q357L,1.0,6
Q357N,1.0,9
Q357T,1.0,2
Q357W,1.0,2
Q4*,1.0,26
Q4* P57F V204G H280W,4.0,4
Q4* R25* T161K,3.0,10
Q4* T93G L303W,3.0,2
Q4* W89R,2.0,2
Q44*,1.0,7
Q44* L104I,2.0,3
Q44* L310T,2.0,7
Q44K Y223I,2.0,2
Q44L,1.0,3
Q4G L90A T237*,3.0,3
Q4K T93S,2.0,2
Q4L,1.0,6
Q4L E297C,2.0,4
Q4L S185*,2.0,2
Q4L W107P,2.0,5
Q4M V130G,2.0,4
Q4N,1.0,2
Q4P,1.0,7
Q4R A317I,2.0,2
Q4R L174G,2.0,2
Q4S A330L W342N,3.0,4
Q4S C259T,2.0,5
Q4S S185*,2.0,4
Q4S T56R,2.0,3
Q4S W107I E297L,3.0,2
Q4W G199S,2.0,5
Q4Y,1.0,3
Q67*,1.0,10
Q67* G182C,2.0,9
Q67* G343A,2.0,7
Q67* K141W P292R G337R,4.0,5
Q67* P83I,2.0,10
Q67D T156*,2.0,7
Q67F,1.0,2
Q67F A155N C259V,3.0,2
Q67H,1.0,12
Q67H I266* I299E,3.0,3
Q67K R94* I197N,3.0,4
Q67L,1.0,11
Q67L L245*,2.0,4
Q67L M213* V282P,3.0,18
Q67L R305W,2.0,3
Q67N A155G,2.0,3
Q67P,1.0,3
Q67R,1.0,7
Q67S T84Q R159D,3.0,2
Q67T K307N,2.0,2
Q67V A183P P207*,3.0,3
Q67W G129*,2.0,6
Q98D G235M,2.0,2
Q98T A336P,2.0,2
Q98V E297*,2.0,5
R116C D244I,2.0,2
R116K A336*,2.0,2
R148*,1.0,24
R148* D353R,2.0,9
R148* N177K T271*,3.0,2
R148* R160V,2.0,19
R148A L312*,2.0,3
R148C,1.0,24
R148I A296*,2.0,3
R148K,1.0,4
R148K A155*,2.0,3
R148P C259W,2.0,2
R148P R314*,2.0,6
R148V,1.0,4
R148V R314P,2.0,2
R148W,1.0,8
R159*,1.0,16
R159* A363L,2.0,6
R159* D191G E365D,3.0,2
R159* I189S,2.0,3
R159* S206E Y238T,3.0,3
R159D P302V S335L,3.0,2
R159E V294C,2.0,3
R159G D214G,2.0,2
R159I R198S V294E,3.0,2
R159K,1.0,2
R159L,1.0,3
R159S,1.0,5
R159W,1.0,2
R159Y,1.0,3
R160*,1.0,86
R160* A362S,2.0,8
R160* D347C,2.0,2
R160* G337A,2.0,2
R160* L301A,2.0,3
R160* Q357K,2.0,4
R160* R318*,2.0,4
R160* V247S,2.0,6
R160* Y223S,2.0,2
R160A S311*,2.0,2
R160E,1.0,2
R160E D173Y,2.0,2
R160G,1.0,3
R160G G236S,2.0,2
R160K,1.0,10
R160L E354W,2.0,6
R160L Y223A,2.0,3
R160M,1.0,5
R160P,1.0,2
R160P A345P,2.0,3
R160Q,1.0,14
R160S,1.0,3
R160S V348G,2.0,2
R160T,1.0,2
R160T D173N V240*,3.0,2
R160V V176E F333V,3.0,3
R160W,1.0,3
R198*,1.0,47
R198* K307G T326W,3.0,4
R198G,1.0,2
R198M,1.0,4
R198N,1.0,3
R198P,1.0,4
R198P K307*,2.0,4
R198S,1.0,8
R198T,1.0,2
R198V E297L,2.0,2
R210*,1.0,10
R210L,1.0,2
R227*,1.0,7
R227* G343Y,2.0,15
R227I,1.0,2
R227N,1.0,2
R227W,1.0,4
R25*,1.0,5
R25* D263W,2.0,8
R25* L245N,2.0,2
R254*,1.0,11
R254* E346T,2.0,3
R254H Q339E,2.0,2
R254W,1.0,3
R25G F96M L310* Y359E,4.0,2
R25G L90*,2.0,3
R25I L260*,2.0,5
R25K,1.0,3
R25L K109G G154R,3.0,5
R25L K69E T156K,3.0,2
R25L S48F A296G,3.0,2
R25P T56Q,2.0,2
R25S P124T M213T,3.0,3
R25V V348*,2.0,2
R261*,1.0,13
R261L A355*,2.0,18
R261V,1.0,5
R279*,1.0,8
R279G,1.0,5
R279S Y331F,2.0,3
R285*,1.0,9
R285L G291H,2.0,4
R288K T326R,2.0,2
R288T,1.0,4
R289*,1.0,2
R293* S316P,2.0,7
R293G,1.0,3
R293K K307*,2.0,2
R293L,1.0,2
R298*,1.0,4
R298* E324L,2.0,2
R298* V348P,2.0,3
R298L,1.0,2
R298L S308L,2.0,7
R298L V325G,2.0,3
R298M,1.0,5
R298S A362*,2.0,2
R305*,1.0,7
R305* S308L,2.0,2
R305C,1.0,2
R305G,1.0,3
R305K,1.0,2
R305W V348S,2.0,3
R314*,1.0,6
R314* G337R,2.0,3
R314* Q339W,2.0,9
R314E L351S,2.0,2
R314K,1.0,4
R314L,1.0,5
R314S,1.0,2
R314T,1.0,3
R318*,1.0,7
R318H D353*,2.0,2
R318K E346I,2.0,3
R318S,1.0,5
R35*,1.0,2
R358*,1.0,2
R358D,1.0,4
R358I,1.0,6
R358L,1.0,2
R358S,1.0,2
R358T,1.0,5
R35A A47G T93*,3.0,12
R364*,1.0,4
R364F,1.0,9
R364G,1.0,4
R364I,1.0,2
R364N,1.0,4
R364Q,1.0,3
R364S,1.0,2
R6*,1.0,23
R6* V294P,2.0,2
R66*,1.0,13
R66A,1.0,4
R66F,1.0,2
R66S A155D,2.0,2
R6E S19N S121A I128F P302F,5.0,2
R6I,1.0,2
R6I D173R E297Q,3.0,3
R6K N248*,2.0,3
R6K V30G P83S,3.0,2
R6P P124E,2.0,4
R94*,1.0,35
R94* E297*,2.0,2
R94* G199V,2.0,2
R94* Q200R,2.0,4
R94* V162I,2.0,8
R94* W107I,2.0,4
R94* W107I K307M,3.0,4
R94C P113F R227Q V348G,4.0,2
R94E S246G,2.0,5
R94K A139V A336P,3.0,2
R94K G236V,2.0,2
R94L,1.0,11
R94L Y132*,2.0,4
R94N L301I,2.0,4
R94P,1.0,2
R94S,1.0,4
R94T,1.0,2
R94V G105V,2.0,4
R94V V175G,2.0,3
R95*,1.0,16
R95F G361*,2.0,2
R95G Q357S,2.0,4
R95S Q167V,2.0,9
R95V V130*,2.0,2
S12*,1.0,43
S12* G52M G230V,3.0,2
S12* K205R I266W V352L,4.0,4
S12* K307R,2.0,3
S120F Y331G,2.0,2
S120K,1.0,2
S120L,1.0,52
S120N K257Y,2.0,3
S120P,1.0,3
S121*,1.0,21
S121* D170V D214S G313P V348R,5.0,14
S121* R289L,2.0,2
S121* T156R,2.0,2
S121A V300L,2.0,2
S121P,1.0,4
S121R N281*,2.0,2
S12A,1.0,3
S12C,1.0,2
S12E L21K V176G A330R,4.0,5
S12G H138*,2.0,3
S12K S42A,2.0,3
S12M D269I,2.0,2
S12P,1.0,2
S12R S73W S206G,3.0,2
S12T I233K P292V,3.0,2
S12V P221Y,2.0,3
S12V Y108F,2.0,2
S12W,1.0,4
S136*,1.0,7
S136* I255C,2.0,3
S18*,1.0,37
S18* L310*,2.0,2
S18* N177Y,2.0,2
S18* Q339L A349V,3.0,2
S18* R160C,2.0,2
S18* R279S,2.0,2
S18* V176A,2.0,8
S18* V82D R160S T237I T265S,5.0,2
S18* W50S W107K,3.0,2
S185*,1.0,21
S185L,1.0,4
S185M,1.0,4
S185W Y223L,2.0,2
S18A,1.0,4
S18A H329Y A330F,3.0,2
S18A R25*,2.0,4
S18C Y108*,2.0,2
S18D,1.0,2
S18E,1.0,6
S18F,1.0,2
S18G,1.0,2
S18I,1.0,3
S18I A183G,2.0,2
S18K,1.0,2
S18L,1.0,2
S18L F58E,2.0,2
S18L S43A P226V E354G,4.0,2
S18L T237P G337R,3.0,3
S18L T56Q,2.0,8
S18N,1.0,5
S18N D353R,2.0,3
S18P,1.0,8
S18P S43N I233R,3.0,4
S18Q G52*,2.0,5
S18R,1.0,5
S18R C259I,2.0,2
S18T,1.0,4
S18T M59P A127*,3.0,6
S18W D133* V348M,3.0,8
S18W Y223*,2.0,4
S18Y E346A,2.0,3
S18Y G239S,2.0,2
S18Y T56L Y238*,3.0,2
S19*,1.0,17
S19* D214Y I225L,3.0,2
S19* E158F Y331D,3.0,2
S19* G361A,2.0,4
S19* R285N,2.0,3
S19* V325S,2.0,9
S19* W243Q T265R D347K,4.0,2
S19A K152L,2.0,2
S19C V175S,2.0,2
S19D,1.0,4
S19D E295D,2.0,2
S19D Y359V,2.0,2
S19E,1.0,11
S19E K323V,2.0,2
S19F,1.0,3
S19G,1.0,3
S19H T74S,2.0,2
S19K,1.0,3
S19K L61S E295L Q357L,4.0,5
S19K S311Y,2.0,4
S19L,1.0,7
S19L K76Q A363I,3.0,2
S19L P57M,2.0,2
S19M G92K,2.0,4
S19P,1.0,7
S19P A34V,2.0,2
S19Q,1.0,4
S19R,1.0,11
S19R P83D,2.0,2
S19T C259L S334W,3.0,9
S19T H86Y P226W,3.0,2
S19V,1.0,2
S19V D353F,2.0,2
S19V S185*,2.0,2
S19W,1.0,6
S19W L135* A336G,3.0,3
S19W R318M,2.0,3
S19W S215V Y338C,3.0,3
S19Y S311F,2.0,4
S19Y W107V A155K,3.0,3
S206* A319L,2.0,5
S206* D217R,2.0,2
S206* Q350S,2.0,4
S206D,1.0,3
S206F,1.0,6
S206N T265M A330R,3.0,2
S206P,1.0,6
S215*,1.0,9
S215A,1.0,6
S215C R293H,2.0,3
S215D R314L,2.0,4
S215F C259L,2.0,3
S215L V240P Y359*,3.0,11
S215P,1.0,8
S215Y,1.0,5
S216*,1.0,14
S216* S246C,2.0,3
S216D,1.0,3
S216G,1.0,4
S216N G270A,2.0,2
S216V G270M E346P,3.0,2
S220*,1.0,5
S220E F356*,2.0,5
S220P,1.0,2
S220R,1.0,4
S220T D244*,2.0,2
S220Y,1.0,3
S246*,1.0,18
S246* S335H,2.0,6
S246A,1.0,9
S246A S341F,2.0,2
S246C,1.0,2
S246E,1.0,2
S246H,1.0,4
S246N,1.0,8
S246P,1.0,4
S246R,1.0,3
S267*,1.0,35
S267A,1.0,2
S267D,1.0,2
S267G L312V,2.0,2
S267L,1.0,2
S267N,1.0,7
S267P,1.0,10
S267Q,1.0,4
S267Q E297I,2.0,3
S267Q V294D K307*,3.0,7
S267R A355P,2.0,2
S267T,1.0,2
S267T G313* A355R,3.0,4
S268*,1.0,17
S268A,1.0,12
S268G,1.0,8
S268L,1.0,2
S268L V348*,2.0,6
S268T,1.0,11
S268Y,1.0,2
S29*,1.0,15
S29* T62S V175F V348L,4.0,12
S29A Y108*,2.0,3
S29C P124R G290R,3.0,3
S29E A155G,2.0,16
S29K,1.0,12
S29L W243*,2.0,5
S29N K257*,2.0,6
S29N R298*,2.0,4
S29P D170W,2.0,2
S29T,1.0,3
S3*,1.0,13
S3* E295K,2.0,7
S3* H31S,2.0,2
S3* N54R,2.0,6
S3* R148Q,2.0,8
S308*,1.0,6
S308H,1.0,5
S308Q A336K,2.0,19
S308W,1.0,2
S311*,1.0,6
S311A,1.0,39
S311C,1.0,2
S311L,1.0,3
S311L Q357F,2.0,3
S311M D353*,2.0,2
S311P,1.0,5
S311T,1.0,8
S311V V325L,2.0,2
S311W,1.0,7
S316*,1.0,2
S316T,1.0,7
S334*,1.0,3
S334P,1.0,2
S335*,1.0,11
S335A,1.0,8
S335D,1.0,2
S335E,1.0,2
S335K,1.0,5
S335Q,1.0,3
S335T,1.0,8
S335W,1.0,5
S341L,1.0,3
S3C,1.0,3
S3C L90*,2.0,2
S3D R159* E295V,3.0,2
S3F Y108R,2.0,2
S3G S12M G236S L256Y,4.0,3
S3W G105L R318*,3.0,6
S3Y,1.0,2
S3Y V240* G291E,3.0,2
S42*,1.0,9
S42* A53K E346P,3.0,13
S42* T265K,2.0,7
S42C,1.0,13
S42E S267H Y331*,3.0,2
S42F G154V Y331C,3.0,2
S42G E297*,2.0,2
S42T V130*,2.0,8
S42V,1.0,2
S42W S185*,2.0,2
S42W V348K,2.0,2
S42Y,1.0,2
S43*,1.0,36
S43* A317G,2.0,2
S43* D173S E322G,3.0,3
S43* G129V L312*,3.0,9
S43* G241E A317F,3.0,4
S43* G52K,2.0,3
S43* L135I,2.0,2
S43* R94M,2.0,7
S43A,1.0,3
S43A T156H E365*,3.0,9
S43D V328*,2.0,5
S43F,1.0,2
S43F F75M A287T,3.0,2
S43F I266*,2.0,3
S43F N99*,2.0,3
S43G,1.0,2
S43G E297V,2.0,3
S43G G102R A349G,3.0,2
S43H T56M V282*,3.0,3
S43K C123*,2.0,7
S43L,1.0,3
S43L T84L S311L,3.0,3
S43L V240S,2.0,2
S43Q L256*,2.0,2
S43R F75N R305N E346V,4.0,3
S43R H86*,2.0,6
S43T,1.0,2
S43T C208* N281L,3.0,7
S43V,1.0,6
S43V D242*,2.0,10
S43W,1.0,4
S48P T60F,2.0,2
S73*,1.0,9
S73* V130H V282Y,3.0,4
S73A,1.0,8
S73A V348G,2.0,2
S73D V130*,2.0,3
S73F D170* E295S,3.0,3
S73L T134N P221T,3.0,3
S73R T156*,2.0,12
S73V,1.0,2
S73W,1.0,2
T112*,1.0,12
T112* G361K,2.0,4
T112F A172N,2.0,2
T112L,1.0,10
T112R L203*,2.0,6
T131*,1.0,40
T131* D173V,2.0,13
T131* K307G,2.0,4
T131A V176R,2.0,2
T131E S308M,2.0,2
T131F,1.0,5
T131F E295G,2.0,2
T131F L245S,2.0,5
T131G G236* G270V G313T,4.0,2
T131H,1.0,8
T131K,1.0,3
T131L I299S,2.0,2
T131M D353*,2.0,2
T131M Y132*,2.0,2
T131P,1.0,3
T131R,1.0,7
T131R G239D Q357S,3.0,3
T131S,1.0,2
T131S K205S V325*,3.0,2
T131V,1.0,21
T131V A296E E365S,3.0,2
T131W D242N Y331R,3.0,4
T134*,1.0,5
T134* K321N,2.0,3
T134C C234* R298M L327D,4.0,3
T134K Q151I,2.0,5
T134L G274T,2.0,3
T134N,1.0,4
T156*,1.0,34
T156* L181S,2.0,7
T156* Y223R,2.0,3
T156C,1.0,2
T156C G199*,2.0,5
T156E W342D,2.0,3
T156H,1.0,2
T156I,1.0,2
T156I R159L,2.0,2
T156K,1.0,3
T156L,1.0,4
T156L V294K,2.0,2
T156P,1.0,2
T156P R298L,2.0,3
T156R,1.0,2
T156R L260D,2.0,5
T156R R358*,2.0,3
T156S,1.0,2
T156Y,1.0,5
T161*,1.0,9
T161C,1.0,2
T161G L284*,2.0,4
T161R,1.0,11
T161S,1.0,4
T163Y,1.0,4
T179*,1.0,2
T179K K307Q,2.0,5
T179M V352R,2.0,4
T179R,1.0,2
T179S L301* E324V,3.0,2
T201* A363V,2.0,3
T201L A355L,2.0,9
T212*,1.0,6
T212D I233V,2.0,2
T212G I266K,2.0,2
T212G Q253*,2.0,2
T212R,1.0,3
T212R A320K R364F,3.0,4
T212S C259*,2.0,2
T237*,1.0,17
T237* D244N,2.0,6
T237A A296T R358C,3.0,5
T237C,1.0,3
T237G,1.0,18
T237L,1.0,6
T237Q E346S,2.0,2
T237S,1.0,2
T237V G332S,2.0,6
T237Y,1.0,2
T251*,1.0,12
T265*,1.0,30
T265A,1.0,2
T265A A355H,2.0,4
T265G,1.0,4
T265P,1.0,4
T265R,1.0,19
T265S,1.0,17
T265V A349R,2.0,2
T265V P302D G337R,3.0,3
T271*,1.0,4
T271E,1.0,4
T271M A363W,2.0,8
T271N,1.0,2
T271S,1.0,3
T271V,1.0,2
T306*,1.0,4
T306A,1.0,2
T306L,1.0,4
T326*,1.0,7
T326N,1.0,2
T45*,1.0,2
T45A A178K,2.0,2
T45A W107R A349*,3.0,2
T45C,1.0,4
T45H E354*,2.0,9
T45I,1.0,4
T45L P117A T237A,3.0,2
T45N L103*,2.0,4
T45R,1.0,4
T45R N248V,2.0,2
T45S,1.0,2
T56*,1.0,41
T56* G337Q,2.0,7
T56* L278I V348C,3.0,6
T56* S120R,2.0,3
T56* T84S L303E,3.0,2
T56C K257M,2.0,2
T56D Y132L,2.0,2
T56E,1.0,5
T56F,1.0,4
T56G T306R,2.0,3
T56H S267F S334P,3.0,2
T56K,1.0,2
T56K G85L,2.0,2
T56L,1.0,7
T56L E166* K257R,3.0,4
T56L K307*,2.0,2
T56L Y145* Q357H,3.0,10
T56N,1.0,3
T56N R159E,2.0,3
T56Q Y132W Y223V D347E,4.0,2
T56R,1.0,16
T56R G239C,2.0,5
T56R V175K,2.0,2
T56S L203T P207L L312*,4.0,4
T56W I233Q,2.0,2
T60*,1.0,12
T60K V204*,2.0,9
T60L D242*,2.0,4
T60M A147T D173R D217R E231T Y338*,6.0,5
T60M R198*,2.0,3
T60N W107C,2.0,2
T62*,1.0,8
T74*,1.0,4
T74D T156Y,2.0,2
T74D Y223H,2.0,2
T74E V130*,2.0,3
T74F R358*,2.0,3
T74G P83S L181*,3.0,10
T74L,1.0,5
T74N,1.0,3
T74N C143P,2.0,2
T74P,1.0,4
T74S,1.0,12
T74S A349R,2.0,2
T74S V240K,2.0,3
T74V,1.0,2
T74V Y142C E322L,3.0,3
T84*,1.0,38
T84* C259Y,2.0,4
T84* V130E,2.0,3
T84* W107S,2.0,18
T84A,1.0,2
T84D I197*,2.0,2
T84E A193G S215V,3.0,4
T84H,1.0,4
T84H A344G,2.0,2
T84H V348M,2.0,2
T84I,1.0,10
T84I S185R Q200* R305V,4.0,4
T84K,1.0,6
T84L,1.0,7
T84L P113Q,2.0,4
T84L R254*,2.0,11
T84L W107Q,2.0,2
T84M L245*,2.0,9
T84M T237R,2.0,8
T84N V175*,2.0,3
T84P C208*,2.0,2
T84P K257*,2.0,2
T84P R261A,2.0,2
T84Q A319D,2.0,4
T84S D217C,2.0,2
T84V K257* E297I,3.0,3
T84W L260V,2.0,3
T93*,1.0,46
T93* G270T,2.0,14
T93* I225T,2.0,10
T93* R227K,2.0,6
T93* R298I,2.0,6
T93* R358T,2.0,3
T93* T134N A319N,3.0,2
T93A,1.0,2
T93A W107L,2.0,2
T93C R298L,2.0,2
T93F,1.0,2
T93G,1.0,4
T93G R159*,2.0,2
T93L,1.0,3
T93L I197M Y223W,3.0,2
T93L Y331W,2.0,3
T93M,1.0,2
T93P,1.0,8
T93P A345V V352T,3.0,11
T93Q,1.0,3
T93Q A178*,2.0,6
T93R,1.0,11
T93S,1.0,11
T93S E195N,2.0,2
T93S W107*,2.0,3
V130*,1.0,45
V130* A355P,2.0,3
V130* E276S,2.0,2
V130* G291R,2.0,7
V130* G337D,2.0,3
V130* I272S,2.0,2
V130* K152L,2.0,4
V130* P302T,2.0,15
V130* T156I,2.0,2
V130* T156P,2.0,3
V130* V176A,2.0,2
V130* Y359S,2.0,2
V130A D173*,2.0,4
V130A G230P I272*,3.0,6
V130A N248M I272*,3.0,2
V130C,1.0,17
V130C I189* V300E,3.0,2
V130C P292H,2.0,3
V130D R285C,2.0,2
V130E R254W,2.0,2
V130F S216W L278S,3.0,4
V130G,1.0,15
V130G E276* D353V,3.0,4
V130G Y223I T237L,3.0,4
V130H,1.0,7
V130I P264Q D347R,3.0,2
V130K I189M,2.0,2
V130L G239R,2.0,2
V130M Y238*,2.0,5
V130P,1.0,5
V130P N281R H360W,3.0,2
V130R,1.0,5
V130R G235V Y359*,3.0,4
V130R T156K,2.0,2
V130R Y142E N248Q,3.0,3
V130S,1.0,2
V130S G291W,2.0,3
V130S L256M,2.0,2
V130T L150S A183R,3.0,5
V130W,1.0,2
V130Y,1.0,2
V130Y R210S T271Y,3.0,7
V137*,1.0,5
V137D H258L E297R,3.0,2
V137G,1.0,2
V137R R358*,2.0,8
V137T,1.0,4
V14*,1.0,24
V14* A355V,2.0,2
V14* F58V,2.0,2
V14* G102R,2.0,2
V14* G230A,2.0,2
V14* K69H Q144A D347V,4.0,3
V14A R279A Y331R A355Q,4.0,2
V14D W243* H360L,3.0,3
V14G,1.0,4
V14G T93V,2.0,2
V14K,1.0,2
V14L P207D,2.0,8
V14N Q144P,2.0,4
V14Q A168S,2.0,3
V14T Q144T Q167*,3.0,9
V14T Y115*,2.0,2
V14W,1.0,2
V14Y P309V,2.0,2
V162*,1.0,16
V162* R358E,2.0,7
V162* V348R,2.0,3
V162E,1.0,4
V162G,1.0,2
V175*,1.0,31
V175* G337N,2.0,3
V175* K205*,2.0,8
V175H,1.0,3
V175H L262*,2.0,6
V175K,1.0,5
V175L,1.0,7
V175M,1.0,5
V175P,1.0,3
V175P D353V,2.0,2
V175Q,1.0,2
V175Q G291S,2.0,3
V175R,1.0,8
V175R A296V,2.0,2
V175R L284* S341N,3.0,6
V175T,1.0,3
V175W S185* H329* A349K,4.0,2
V176*,1.0,19
V176D,1.0,5
V176F,1.0,3
V176F A363C,2.0,3
V176G,1.0,2
V176G P226Y,2.0,2
V176N,1.0,2
V176R,1.0,2
V202* G313I,2.0,8
V204*,1.0,33
V204* E346L,2.0,6
V204A E346N,2.0,4
V204D,1.0,3
V204E,1.0,6
V204G,1.0,7
V204G G290A K307*,3.0,9
V204G V294K,2.0,2
V204L,1.0,4
V204L R314T,2.0,3
V204P R293*,2.0,2
V204S A222*,2.0,3
V204S D304F,2.0,2
V204W,1.0,2
V232*,1.0,2
V232R,1.0,19
V240*,1.0,2
V240* V294D,2.0,6
V240E,1.0,6
V240G,1.0,3
V240M,1.0,3
V240Q,1.0,3
V240T E295M E354G,3.0,2
V240Y,1.0,7
V247* E346Q,2.0,7
V247C,1.0,7
V247H,1.0,2
V247I E297K Y331A,3.0,4
V247L I255*,2.0,14
V252*,1.0,12
V252* D347Q,2.0,3
V252E,1.0,4
V252W,1.0,7
V277* A349S,2.0,2
V277A,1.0,2
V277E G337S,2.0,2
V277G,1.0,3
V282*,1.0,3
V282R,1.0,5
V294*,1.0,5
V294* F333I,2.0,5
V294* K307*,2.0,5
V294A,1.0,9
V294C,1.0,2
V294D,1.0,7
V294E,1.0,5
V294F,1.0,2
V294G,1.0,7
V294I,1.0,2
V294N F333G,2.0,2
V294P,1.0,2
V294R,1.0,2
V294T,1.0,2
V30*,1.0,4
V30* A330P,2.0,3
V30* D304P,2.0,2
V30* D63Q A87E,3.0,14
V30* Q98V V294E,3.0,3
V300*,1.0,2
V30C,1.0,3
V30F S121R I225G T271S,4.0,3
V30G V130P,2.0,2
V30G Y331S,2.0,2
V30Q G332R Y338R,3.0,10
V30R,1.0,7
V30R G126R,2.0,3
V30R P228*,2.0,4
V30S F58P A183D K307F,4.0,2
V30T,1.0,6
V325F,1.0,4
V325M E346S,2.0,2
V328D,1.0,11
V348*,1.0,34
V348E,1.0,5
V348F,1.0,10
V348G,1.0,4
V348I,1.0,11
V348L,1.0,10
V348M,1.0,2
V348N,1.0,4
V348R,1.0,8
V348S,1.0,6
V348W,1.0,11
V352*,1.0,11
V352F,1.0,2
V352G,1.0,3
V352N,1.0,2
V352R,1.0,2
V352S,1.0,3
V41*,1.0,3
V41C,1.0,3
V41G I197*,2.0,9
V41R E122T I197N,3.0,2
V41S,1.0,3
V7*,1.0,6
V79* T84L,2.0,3
V79C,1.0,2
V79D D173*,2.0,3
V79L,1.0,2
V79Q,1.0,2
V79R,1.0,8
V7D Q357E,2.0,3
V7E S334T,2.0,7
V7F V9P,2.0,3
V7G K205L,2.0,3
V7G L150R,2.0,3
V7G W50* V175W A319T,4.0,5
V7I S19W L33W A344E,4.0,3
V7K,1.0,4
V7K K76G,2.0,2
V7K K77Y,2.0,2
V7K S311V,2.0,3
V7L,1.0,2
V7P A34* A178E T212E,4.0,2
V7Q,1.0,4
V7Q V130W,2.0,2
V7R,1.0,2
V7R C211Q E297A,3.0,3
V7S K26C T271*,3.0,6
V7Y,1.0,2
V8*,1.0,2
V82*,1.0,40
V82* C208L,2.0,9
V82* E297D,2.0,2
V82* P119S,2.0,2
V82* P207* S335Y,3.0,3
V82* S311R A320R,3.0,8
V82* Y331L,2.0,11
V82A V294M,2.0,4
V82A W107M V204*,3.0,2
V82D K209*,2.0,20
V82D L260M,2.0,2
V82E,1.0,9
V82F L150G R159* A319L,4.0,4
V82G,1.0,5
V82I G126*,2.0,5
V82I T131V,2.0,2
V82L,1.0,2
V82L A139T D242L,3.0,7
V82L A219G I275L,3.0,2
V82P,1.0,2
V82R,1.0,3
V82R C259*,2.0,4
V82R D217S,2.0,2
V82R S215R,2.0,2
V82S,1.0,2
V82S K184* I266N,3.0,5
V82S K205S,2.0,2
V82S R159* V294P D347S,4.0,2
V82T,1.0,4
V82W,1.0,3
V82W I197*,2.0,5
V8D L146M,2.0,2
V8G R95*,2.0,2
V8H V41C L153N H329P,4.0,2
V8M,1.0,2
V9*,1.0,11
V9I,1.0,2
V9P L10V E166S R305S,4.0,2
V9R N114L H360L,3.0,4
V9S,1.0,2
V9W D110R,2.0,3
W107*,1.0,75
W107* A183V G239D,3.0,5
W107* F169L,2.0,4
W107* G129L P302S,3.0,4
W107* G239A A330G,3.0,5
W107* H329Y,2.0,6
W107* I128M,2.0,2
W107* R160Q,2.0,4
W107* S206*,2.0,2
W107* V130G G291N,3.0,3
W107* V137A K257R G290R,4.0,3
W107* V175T,2.0,14
W107* V277I,2.0,3
W107* Y132T E322D,3.0,4
W107A,1.0,4
W107A N281*,2.0,6
W107C A178D A194P A349T,4.0,2
W107E,1.0,5
W107E C143* V294P K307G,4.0,2
W107F,1.0,2
W107F H280L,2.0,7
W107G,1.0,9
W107G E346L,2.0,3
W107G G239*,2.0,5
W107G G337F,2.0,2
W107H P221A,2.0,2
W107I,1.0,2
W107K,1.0,2
W107K V325W,2.0,3
W107L,1.0,10
W107L T265R,2.0,2
W107M,1.0,3
W107M A317*,2.0,3
W107M R289*,2.0,4
W107P,1.0,3
W107P G171P,2.0,2
W107P R148*,2.0,6
W107Q H360L,2.0,2
W107Q R318K,2.0,3
W107R,1.0,16
W107R P292N Q350L,3.0,3
W107R T306L,2.0,2
W107R V232S,2.0,2
W107S,1.0,5
W107S A317V,2.0,3
W107S D173Q,2.0,2
W107S G171A P264S,3.0,2
W107T,1.0,4
W107V,1.0,4
W107V K307*,2.0,2
W107V S268* G343E,3.0,2
W107Y,1.0,2
W107Y A349T,2.0,6
W243*,1.0,13
W243P,1.0,2
W243Q S267*,2.0,3
W243V,1.0,16
W243V V352I,2.0,3
W342*,1.0,6
W342* A363D,2.0,5
W342R,1.0,2
W50* A51Q A168D A183G P207T Q357W,6.0,9
W50* G230V E297V,3.0,2
W50* T161V,2.0,3
W50* V348L,2.0,11
W50* V82Y,2.0,5
W50* Y142K L260V A296Q,4.0,2
W50C W78* G239I,3.0,2
W50L S120* E322W E346G,4.0,8
W50N C259A V348G,3.0,4
W50R W70*,2.0,6
W50T Y132* E354V,3.0,16
W50V K307L Q340A,3.0,5
W55*,1.0,3
W55* A317E,2.0,5
W55* G270R,2.0,13
W55* G313R,2.0,5
W55* Y108H S334I,3.0,6
W55K,1.0,2
W55L T131R C211I,3.0,2
W55M G199* D269S,3.0,2
W55M L245I,2.0,2
W55R D110Q,2.0,3
W55R F75A,2.0,3
W55S W89* R305Q A355M,4.0,4
W55T,1.0,3
W70*,1.0,37
W70* A336S,2.0,3
W70* H138G,2.0,2
W70* K141T,2.0,2
W70* L284S,2.0,10
W70* P309D,2.0,7
W70* R261G Y359H,3.0,3
W70A,1.0,4
W70C I128N A319V,3.0,3
W70E R198*,2.0,2
W70F,1.0,5
W70K,1.0,2
W70L,1.0,6
W70L I272R,2.0,2
W70L V202I,2.0,2
W70P E72*,2.0,2
W70R,1.0,8
W70R D217V W243Q,3.0,4
W70R E365D,2.0,3
W70R R298S,2.0,2
W70R S246* N281V K307Y,4.0,7
W70S,1.0,2
W70S D190K,2.0,2
W70S D217* A355L,3.0,7
W70S V130* P228S,3.0,6
W70S V204*,2.0,3
W70T,1.0,3
W70T V240R C259S,3.0,2
W70V,1.0,9
W78*,1.0,5
W78* P207N,2.0,5
W78* R198G,2.0,2
W78* V130E P286L,3.0,6
W78A,1.0,6
W78A E276L H329S E354W,4.0,2
W78C,1.0,5
W78D,1.0,2
W78E L135E A155*,3.0,6
W78G S267*,2.0,3
W78H G154*,2.0,2
W78L,1.0,2
W78L G154R,2.0,2
W78L S121*,2.0,2
W78L V240I,2.0,3
W78R,1.0,5
W78R G102A R148S E365*,4.0,2
W78S,1.0,2
W78T R198M G274*,3.0,2
W78V,1.0,4
W78Y,1.0,3
W89*,1.0,6
W89* I255S,2.0,5
W89* K257E,2.0,8
W89* L118W R305Y,3.0,5
W89* R210*,2.0,4
W89A,1.0,5
W89G P286L,2.0,2
W89R,1.0,4
W89R G171V Y331*,3.0,3
W89S,1.0,4
W89T,1.0,8
Y108*,1.0,91
Y108* A330R,2.0,8
Y108* E149A,2.0,2
Y108* G199R,2.0,4
Y108* G337S,2.0,3
Y108* K152* C234Y,3.0,3
Y108* V294K,2.0,3
Y108* W243F,2.0,7
Y108A G230* V232I,3.0,2
Y108A V348*,2.0,6
Y108C D347*,2.0,2
Y108E L203M,2.0,9
Y108F D244C D353W,3.0,2
Y108G E354*,2.0,2
Y108H,1.0,6
Y108K,1.0,4
Y108K A127W,2.0,2
Y108K G241* R279S E354F,4.0,2
Y108L,1.0,4
Y108L D244V S311G,3.0,2
Y108R N177*,2.0,2
Y108S,1.0,11
Y108S I189R,2.0,3
Y108T S335L R358*,3.0,5
Y108W G235S,2.0,4
Y115*,1.0,18
Y115* A363V,2.0,9
Y115* G171C,2.0,8
Y115* H280Y,2.0,2
Y115* R160Q,2.0,11
Y115* Y331L,2.0,7
Y115K S121F,2.0,3
Y115K T265* D353G,3.0,5
Y115N Q167P,2.0,3
Y132*,1.0,40
Y132* A183K,2.0,7
Y132* C234Y E297W,3.0,2
Y132* C259T,2.0,10
Y132* D217G,2.0,3
Y132* D244A,2.0,3
Y132* E231Q T326L,3.0,5
Y132* L256R,2.0,3
Y132* S268H A349N,3.0,3
Y132* S308Q L327H,3.0,3
Y132* S311W H360N,3.0,15
Y132* V294K,2.0,7
Y132* Y331L,2.0,5
Y132A I225* P286D,3.0,4
Y132C A187L,2.0,2
Y132E,1.0,2
Y132H,1.0,3
Y132H V348S,2.0,3
Y132I,1.0,2
Y132K V348Q,2.0,2
Y132L,1.0,4
Y132L S311V V348S,3.0,2
Y132R,1.0,4
Y132R I225S,2.0,2
Y132R R210C P249*,3.0,17
Y132S,1.0,12
Y132S L150C,2.0,2
Y132S L181W C234F D353L,4.0,3
Y132S T265D,2.0,2
Y132T I255P V348L,3.0,2
Y132V P226L,2.0,3
Y142* S311L,2.0,7
Y142E,1.0,2
Y142F G180E F333* E365D,4.0,2
Y142G,1.0,2
Y142K,1.0,6
Y142R D242E,2.0,2
Y142R I275T,2.0,6
Y142S,1.0,2
Y145*,1.0,3
Y145* E346L,2.0,3
Y145* L153V,2.0,8
Y145H A344E,2.0,5
Y145S R159*,2.0,2
Y145T D269H,2.0,5
Y223*,1.0,11
Y223* A296R,2.0,8
Y223* A319L,2.0,12
Y223* D347T,2.0,4
Y223* E297W,2.0,3
Y223* E322L E354R,3.0,5
Y223* G337R,2.0,3
Y223* K323Q,2.0,5
Y223* S268A,2.0,2
Y223* T237K,2.0,2
Y223D,1.0,8
Y223D G230T V294G K307*,4.0,2
Y223G E346V,2.0,2
Y223G S267W,2.0,5
Y223I,1.0,3
Y223L A320D,2.0,2
Y223M V328R,2.0,2
Y223P,1.0,2
Y223S,1.0,3
Y223T,1.0,2
Y238*,1.0,6
Y238* D347V,2.0,3
Y238* E297V,2.0,7
Y238* H360L,2.0,7
Y238F,1.0,3
Y28*,1.0,8
Y28* A139V,2.0,3
Y28* A53R R285G,3.0,2
Y28* F356E,2.0,6
Y28* S43V G102V V348Q,4.0,2
Y28* V348C R364N,3.0,3
Y28* V82N W342T,3.0,2
Y28E,1.0,4
Y28F W342A,2.0,5
Y28G,1.0,3
Y28G A183T,2.0,2
Y28G C259T,2.0,4
Y28G E297D,2.0,3
Y28G G126S,2.0,5
Y28K V282*,2.0,5
Y28M D133* E324Y,3.0,6
Y28P G241R G361C,3.0,2
Y28P R148L S185C,3.0,2
Y28R,1.0,5
Y28R K205*,2.0,13
Y28S,1.0,3
Y28S K307R,2.0,2
Y28T P218* A363L,3.0,7
Y28W L103K S267V,3.0,2
Y331*,1.0,41
Y331E,1.0,2
Y331F,1.0,5
Y331L,1.0,6
Y331M,1.0,8
Y331N,1.0,2
Y331T G332V W342*,3.0,4
Y331T Q357L,2.0,3
Y331V,1.0,2
Y338*,1.0,2
Y338A,1.0,3
Y359*,1.0,8
Y359A,1.0,6
Y359I,1.0,2
Y359L,1.0,14
Y359S,1.0,4
wt,0.0,6077
